material_id,formula,elements,nelements,band_gap_eV,energy_above_hull_eV,formation_energy_per_atom_eV,density,nsites,layered_score,anisotropy_ratio,layer_axis,axis_bonds_a,axis_bonds_b,axis_bonds_c,total_bonds,layered_invalid_reason,is_layered_candidate,weak_axis_fraction,layered_continuous,weak_axis,eg_target_score,score_stability_norm,score_eg_norm,score_layered_norm,score_formE_norm,complexity,score_complexity_norm,baseline_score_v3
mp-5394,LaSF,"F,La,S",3,1.488099999999999,0.0,-3.452929627604165,5.5278248430274495,6,0.8333333333333334,0.1666666666666666,c,24,24,4,36,,True,0.0769230769230769,0.9230769230769232,c,0.9998033387847969,1.0,0.9997372028701736,0.6538461538461545,0.8794392000462558,36,0.8421052631578947,0.9081095901195073
mp-1102246,LaSeCl,"Cl,La,Se",3,1.336,0.0,-2.517520758020834,5.518514480417228,12,1.0,0.0,b,48,0,0,72,,True,0.0,1.0,b,0.9633335558520045,1.0,0.9509994220940338,1.0,0.6378231239665747,42,0.7631578947368421,0.8916302697905076
mp-556135,GdSI,"Gd,I,S",3,1.487199999999999,0.0,-2.115598449166665,4.780726541939773,6,1.0,0.0,c,16,8,0,24,,True,0.0,1.0,c,0.9997724703332461,1.0,0.9996959506415178,1.0,0.5340066065996965,36,0.8421052631578947,0.8909358352961083
mp-22887,EuCl2,"Cl,Eu",2,1.214399999999999,0.0,-2.6734610466666693,4.871434851663826,12,1.0,0.0,b,48,0,0,72,,True,0.0,1.0,b,0.8928934697630899,1.0,0.8568641353559534,1.0,0.6781024947000623,32,0.8947368421052632,0.8893102169895271
mp-10932,ErSF,"Er,F,S",3,1.324399999999999,0.0,-3.323758545381942,7.739259604601134,6,0.8333333333333334,0.1666666666666666,c,24,24,4,36,,True,0.0769230769230769,0.9230769230769232,c,0.958077229526023,1.0,0.9439749305955338,0.6538461538461545,0.8460743143322669,36,0.8421052631578947,0.8874960449080496
mp-10086,YSF,"F,S,Y",3,1.3132,0.0,-3.332084884270834,4.783357557393636,6,0.8333333333333334,0.1666666666666666,c,24,24,4,36,,True,0.0769230769230769,0.9230769230769232,c,0.9526914238781504,1.0,0.9367774044832275,0.6538461538461545,0.8482250073563129,36,0.8421052631578947,0.8861268019847822
mp-878,Ho2S3,"Ho,S",2,1.4612999999999992,0.0,-2.376410549020833,6.046408249359246,30,1.0,0.0,b,96,0,0,156,,True,0.0,1.0,b,0.9979220369606984,1.0,0.9972230536621669,1.0,0.6013743622517633,50,0.6578947368421053,0.8853701095501049
mp-2234,Er2S3,"Er,S",2,1.4691,0.0,-2.3661894406875,6.204950661786847,30,1.0,0.0,b,96,0,0,156,,True,0.0,1.0,b,0.9986747539151978,1.0,0.9982289755779206,1.0,0.59873425035098,50,0.6578947368421053,0.8850935676488867
mp-10931,HoSF,"F,Ho,S",3,1.299599999999999,0.0,-3.333161717604165,7.5402904554460175,6,0.8333333333333334,0.1666666666666666,c,24,24,4,36,,True,0.0769230769230769,0.9230769230769232,c,0.9457490688802631,1.0,0.9274997244767219,0.6538461538461545,0.848503153366097,36,0.8421052631578947,0.8838630111851126
mp-12444,SrCuSF,"Cu,F,S,Sr",4,1.5126,0.0,-2.279969743203125,5.004838895047967,8,1.0,0.0,c,24,24,0,40,,True,0.0,1.0,c,0.9997795243083383,1.0,0.9997053774892802,1.0,0.5764637057107188,48,0.6842105263157895,0.8836401381460428
mp-29084,Ba2GdCl7,"Ba,Cl,Gd",3,1.561499999999999,0.0,-2.872607037499999,3.932393551520615,40,1.0,0.0,a,0,16,0,200,,True,0.0,1.0,a,0.9947606485325494,1.0,0.9929982120599207,1.0,0.7295418966950236,70,0.39473684210526316,0.8836316165645112
mp-541289,Y2S3,"S,Y",2,1.5992000000000002,0.0,-2.382647370687501,3.8050672458027313,30,1.0,0.0,b,96,0,0,156,,True,0.0,1.0,b,0.9864254214105808,1.0,0.9818591144420795,1.0,0.6029853330553439,50,0.6578947368421053,0.8818513189057992
mp-684,BaS2,"Ba,S",2,1.598199999999999,0.0,-1.7528733849999991,3.693656366723054,6,1.0,0.0,a,0,16,0,36,,True,0.0,1.0,a,0.9866959034571707,1.0,0.9822205834070821,1.0,0.4403147360717433,26,0.9736842105263158,0.8809865141187507
mp-1086652,BaAgSF,"Ag,Ba,F,S",4,1.4324,0.0,-2.250060911041666,5.637314434554091,8,1.0,0.0,c,24,24,0,40,,True,0.0,1.0,c,0.99367321006597,1.0,0.9915449723274725,1.0,0.5687382554803864,48,0.6842105263157895,0.8800549468095243
mp-9195,BaCuSeF,"Ba,Cu,F,Se",4,1.4265,0.0,-2.238203543085938,5.904545697556149,8,1.0,0.0,c,24,24,0,40,,True,0.0,1.0,c,0.9925249531738135,1.0,0.9900104555800671,1.0,0.5656754977802461,48,0.6842105263157895,0.879058766082645
mp-16742,BaAgTeF,"Ag,Ba,F,Te",4,1.510999999999999,0.0,-2.183376328333333,6.298244067181046,8,1.0,0.0,c,24,24,0,40,,True,0.0,1.0,c,0.9998319585649883,1.0,0.9997754500013784,1.0,0.5515136302572203,48,0.6842105263157895,0.8786676411833676
mp-10930,TbSF,"F,S,Tb",3,1.2587,0.0,-3.3604610242708333,7.129524793647941,6,0.8333333333333334,0.1666666666666666,c,24,24,4,36,,True,0.0769230769230769,0.9230769230769232,c,0.9223144939214921,1.0,0.8961820393940497,0.6538461538461545,0.85555456325858,36,0.8421052631578947,0.8774438718929412
mp-18642,Ca(YS2)2,"Ca,S,Y",3,1.5361,0.0,-2.407047725892858,3.454275226819853,28,1.0,0.0,b,112,0,0,152,,True,0.0,1.0,b,0.9981916231983843,1.0,0.9975833254788873,1.0,0.6092879438936343,58,0.5526315789473684,0.8765165780431855
mp-1194276,Ca(HoS2)2,"Ca,Ho,S",3,1.552699999999999,0.0,-2.4064787169642843,5.049634867523821,28,1.0,0.0,b,112,0,0,152,,True,0.0,1.0,b,0.9961500827851315,1.0,0.9948550353409913,1.0,0.6091409689086338,58,0.5526315789473684,0.8758051105117114
mp-3992,PrSF,"F,Pr,S",3,1.2541,0.0,-3.3434663914930542,5.777548769814879,6,0.8333333333333334,0.1666666666666666,c,24,24,4,36,,True,0.0769230769230769,0.9230769230769232,c,0.9194480997192236,1.0,0.892351424539401,0.6538461538461545,0.8511648502467597,36,0.8421052631578947,0.8756082755769148
mp-1194132,Ca(TmS2)2,"Ca,S,Tm",3,1.567899999999999,0.0,-2.409249856607143,5.243245762081028,28,1.0,0.0,b,112,0,0,152,,True,0.0,1.0,b,0.9936171105163103,1.0,0.9914700015617294,1.0,0.6098567541748934,58,0.5526315789473684,0.8751020091201478
mp-1194059,Ca(ErS2)2,"Ca,Er,S",3,1.5692,0.0,-2.40433364077381,5.155460711285895,28,1.0,0.0,b,112,0,0,152,,True,0.0,1.0,b,0.9933711793211092,1.0,0.991141342060251,1.0,0.608586895808744,58,0.5526315789473684,0.8747658725715484
mp-505362,Ca(LuS2)2,"Ca,Lu,S",3,1.5804,0.0,-2.40069353529762,5.468823146604424,28,1.0,0.0,b,112,0,0,152,,True,0.0,1.0,b,0.9910621819010502,1.0,0.9880556255842606,1.0,0.6076466567001872,58,0.5526315789473684,0.8738063956308394
mp-5760,NdSF,"F,Nd,S",3,1.2363,0.0,-3.354096816770832,6.023136665432264,6,0.8333333333333334,0.1666666666666666,c,24,24,4,36,,True,0.0769230769230769,0.9230769230769232,c,0.9079371462213457,1.0,0.8769683242577849,0.6538461538461545,0.8539106886990069,36,0.8421052631578947,0.8723116681969603
mp-1095296,Dy4Te3S4,"Dy,S,Te",3,1.396599999999999,0.0,-1.973793764659092,6.327594458003352,11,1.0,0.0,c,8,8,0,58,,True,0.0,1.0,c,0.9852603195804109,1.0,0.9803020863214205,1.0,0.4973784618872149,41,0.7763157894736842,0.8721827929051665
mp-1208643,SrHfS3,"Hf,S,Sr",3,1.4955999999999992,0.0,-2.074540924687499,5.183263719549967,20,1.0,0.0,c,8,8,0,112,,True,0.0,1.0,c,0.999973111472614,1.0,0.9999640850552379,1.0,0.5234014495600583,50,0.6578947368421053,0.8704607848600318
mp-1102093,EuI2,"Eu,I",2,1.3259,0.0,-1.8748465075,5.292732391321431,12,1.0,0.0,b,32,0,0,56,,True,0.0,1.0,b,0.9587754830301192,1.0,0.9449080682089799,1.0,0.4718203890582966,32,0.8947368421052632,0.8700647790744307
mp-1193100,Sr(YSe2)2,"Se,Sr,Y",3,1.458699999999999,0.0,-2.267338949107142,4.935958137538388,28,1.0,0.0,b,112,0,0,160,,True,0.0,1.0,b,0.9976337900099184,1.0,0.9968378438921389,1.0,0.5732011720674348,58,0.5526315789473684,0.8691128532812585
mp-3931,SmSF,"F,S,Sm",3,1.229699999999999,0.0,-3.317725045833334,6.468957202528947,6,0.8333333333333334,0.1666666666666666,c,24,24,4,36,,True,0.0769230769230769,0.9230769230769232,c,0.90350365371608,1.0,0.8710434580146135,0.6538461538461545,0.8445158616241879,36,0.8421052631578947,0.8689514862212036
mp-1193099,Ba(YSe2)2,"Ba,Se,Y",3,1.4872,0.0,-2.240760022410714,5.118428248655952,28,1.0,0.0,b,112,0,0,160,,True,0.0,1.0,b,0.9997724703332461,1.0,0.9996959506415178,1.0,0.5663358362943616,58,0.5526315789473684,0.8684543128139885
mp-32798,La2Se3,"La,Se",2,1.58,0.0,-2.342295032187499,6.045119341034584,40,1.0,0.0,a,0,0,24,256,,True,0.0,1.0,a,0.9911505004882849,1.0,0.9881736534856341,1.0,0.5925623255277881,60,0.5263157894736843,0.8681874574243346
mp-1193757,Ba(SmSe2)2,"Ba,Se,Sm",3,1.4344,0.0,-2.236313439196427,5.869572565424152,28,1.0,0.0,b,112,0,0,160,,True,0.0,1.0,b,0.9940409371790151,1.0,0.9920363984336839,1.0,0.5651872840161731,58,0.5526315789473684,0.8663097143063924
mp-866306,Ba(NdS2)2,"Ba,Nd,S",3,1.6426,0.0,-2.375684078571425,4.726279564678873,28,1.0,0.0,b,112,0,0,160,,True,0.0,1.0,b,0.9721523751773581,1.0,0.9627847865360305,1.0,0.601186714961812,58,0.5526315789473684,0.8661966975211068
mp-1223956,Ho2TeS2,"Ho,S,Te",3,1.7469,0.0,-2.132453860333329,5.858626524987115,5,1.0,0.0,b,8,0,24,24,,True,0.0,1.0,b,0.9188190038905474,1.0,0.8915107084144462,1.0,0.538360358674565,35,0.8552631578947368,0.8660760646279982
mp-1194337,Sr(LuSe2)2,"Lu,Se,Sr",3,1.431,0.0,-2.235004940654761,6.732635181737837,28,1.0,0.0,b,112,0,0,160,,True,0.0,1.0,b,0.9934093144689159,1.0,0.9911923054146832,1.0,0.5648492988917277,58,0.5526315789473684,0.8660310940267532
mp-1193917,Sr(TbSe2)2,"Se,Sr,Tb",3,1.4432,0.0,-2.215435640744049,6.0949104386576725,28,1.0,0.0,b,112,0,0,160,,True,0.0,1.0,b,0.9955291353156903,1.0,0.9940252085856499,1.0,0.5597945494556241,58,0.5526315789473684,0.8657283699322741
mp-1193520,Sr(ErSe2)2,"Er,Se,Sr",3,1.4083,0.0,-2.250829536488091,6.421780402136165,28,1.0,0.0,b,112,0,0,160,,True,0.0,1.0,b,0.9883889210655313,1.0,0.9844831118459951,1.0,0.5689367914044929,58,0.5526315789473684,0.8651712941371341
mp-32688,Nd2Se3,"Nd,Se",2,1.4781,0.0,-2.191013233687499,6.517396416166739,40,1.0,0.0,a,0,28,28,256,,True,0.0,1.0,a,0.9993340968120036,1.0,0.9991101135221756,1.0,0.5534862426249942,60,0.5263157894736843,0.8631063558529113
mp-32689,Pr2Se3,"Pr,Se",2,1.475099999999999,0.0,-2.190777713854166,6.297756108096001,40,1.0,0.0,a,0,32,32,256,,True,0.0,1.0,a,0.9991392456617297,1.0,0.9988497167804805,1.0,0.55342540786084,60,0.5263157894736843,0.8630290897146566
mp-1193797,Ba(DySe2)2,"Ba,Dy,Se",3,1.3765,0.0,-2.239951934672619,6.33934568922243,28,1.0,0.0,b,112,0,0,160,,True,0.0,1.0,b,0.9790391176037379,1.0,0.9719881465685586,1.0,0.5661271072617904,58,0.5526315789473684,0.8614856159892345
mp-1193169,Ba(TmSe2)2,"Ba,Se,Tm",3,1.380399999999999,0.0,-2.229560272410717,6.621662694958519,28,1.0,0.0,b,112,0,0,160,,True,0.0,1.0,b,0.9803291573255122,1.0,0.9737121401900236,1.0,0.5634429412876272,58,0.5526315789473684,0.8613797811997682
mp-17678,Sr(ScS2)2,"S,Sc,Sr",3,1.356999999999999,0.0,-2.282851445535714,3.329279432980175,28,1.0,0.0,b,112,0,0,160,,True,0.0,1.0,b,0.9719981392368712,1.0,0.9625786674738714,1.0,0.5772080493156068,58,0.5526315789473684,0.8613494346263261
mp-1225541,Er2TeS2,"Er,S,Te",3,1.77,0.0,-2.137644830458333,5.995026044718351,5,1.0,0.0,b,8,0,24,24,,True,0.0,1.0,b,0.903707077873196,1.0,0.8713153116198944,1.0,0.5397011860639921,35,0.8552631578947368,0.8612953809072458
mp-1192674,Ba(LuSe2)2,"Ba,Lu,Se",3,1.3795,0.0,-2.217454517529764,6.842874325971653,28,1.0,0.0,b,112,0,0,160,,True,0.0,1.0,b,0.9800349801843355,1.0,0.9733190053846303,1.0,0.5603160252539775,58,0.5526315789473684,0.8606561142916899
mp-862729,Sr(DySe2)2,"Dy,Se,Sr",3,1.357899999999999,0.0,-2.26222997910714,6.212543381273649,28,1.0,0.0,b,112,0,0,160,,True,0.0,1.0,b,0.9723445968044827,1.0,0.963041669214507,1.0,0.5718815253072334,58,0.5526315789473684,0.8603998802598102
mp-1192805,Ba(ErSe2)2,"Ba,Er,Se",3,1.3665,0.0,-2.236903161696428,6.537725382763253,28,1.0,0.0,b,112,0,0,160,,True,0.0,1.0,b,0.9755507213865467,1.0,0.9673262956766274,1.0,0.5653396093158995,58,0.5526315789473684,0.8601626536770736
mp-1079647,BaAgSeF,"Ag,Ba,F,Se",4,1.269299999999999,0.0,-2.263063682252604,6.142612558392519,8,1.0,0.0,c,24,24,0,40,,True,0.0,1.0,c,0.9287458744553809,1.0,0.9047768592515257,1.0,0.5720968707985714,48,0.6842105263157895,0.8590346416041746
mp-22956,K2PdCl4,"Cl,K,Pd",3,1.4279,0.0,-1.547152971071427,2.656567630226341,7,1.0,0.0,b,32,0,0,40,,True,0.0,1.0,b,0.992805987796247,1.0,0.9903860268809411,1.0,0.38717716083680875,37,0.8289473684210527,0.8579266757297023
mp-1216554,Tm2TeS2,"S,Te,Tm",3,1.788999999999999,0.0,-2.136118575124999,6.112637134026525,5,1.0,0.0,b,8,0,24,24,,True,0.0,1.0,b,0.8904739865271887,1.0,0.85363076695998,1.0,0.5393069543683913,35,0.8552631578947368,0.856795398403147
mp-1080438,SrAgTeF,"Ag,F,Sr,Te",4,1.284699999999999,0.0,-2.160155414583333,6.034281461051804,8,1.0,0.0,c,24,24,0,40,,True,0.0,1.0,c,0.9376479872245267,1.0,0.9166735360534318,1.0,0.5455156691028014,48,0.6842105263157895,0.8566925704654972
mp-1192439,Ba(ErS2)2,"Ba,Er,S",3,1.721299999999999,0.0,-2.424812620714284,5.630210280035412,28,1.0,0.0,b,112,0,0,160,,True,0.0,1.0,b,0.9342427098212558,1.0,0.9121227641481423,1.0,0.6138766155625625,58,0.5526315789473684,0.8560691720442849
mp-675237,Na3GdI6,"Gd,I,Na",3,1.549599999999999,0.0,-1.5575324864137912,4.171643768665064,10,1.0,0.0,a,0,14,14,48,,True,0.0,1.0,a,0.9965889420328563,1.0,0.9954415215793826,1.0,0.389858189262109,40,0.7894736842105263,0.8557793866683201
mp-677152,Ho10Te7S10,"Ho,S,Te",3,1.576999999999999,0.0,-2.011044901913577,6.292408421783816,27,1.0,0.0,b,20,0,0,140,,True,0.0,1.0,b,0.9917990902271188,1.0,0.989040421038465,1.0,0.5070004292488709,57,0.5657894736842105,0.8552391384778115
mp-1193583,Ba(HoS2)2,"Ba,Ho,S",3,1.730699999999999,0.0,-2.420139293214281,5.525963798662894,28,1.0,0.0,b,112,0,0,160,,True,0.0,1.0,b,0.9287458744553821,1.0,0.9047768592515275,1.0,0.6126694952438414,58,0.5526315789473684,0.853991271756387
mp-1193223,Ba(TbS2)2,"Ba,S,Tb",3,1.7379,0.0,-2.42091323940476,5.304956008428256,28,1.0,0.0,b,112,0,0,160,,True,0.0,1.0,b,0.9244039523563682,1.0,0.8989743666016866,1.0,0.6128694055159383,58,0.5526315789473684,0.8525806306483461
mp-1193410,Ba(DyS2)2,"Ba,Dy,S",3,1.7407,0.0,-2.4205534197619,5.428714197100985,28,1.0,0.0,b,112,0,0,160,,True,0.0,1.0,b,0.9226850313211634,1.0,0.8966772211336235,1.0,0.6127764641156253,58,0.5526315789473684,0.8519877560012677
mp-1189897,Ba2ThS6,"Ba,S,Th",3,1.3091,0.0,-1.9835559516666696,4.684906581797498,18,1.0,0.0,c,36,36,0,112,,True,0.0,1.0,c,0.9506445850537518,1.0,0.9340420336121843,1.0,0.4999000344266945,48,0.6842105263157895,0.8519115679199639
mp-1080650,BaCuSF,"Ba,Cu,F,S",4,1.6223,0.003987369374993,-2.261026764375,5.386858991250138,8,1.0,0.0,c,24,24,0,40,,True,0.0,1.0,c,0.9794402794612929,0.9192412117323223,0.9725242544665763,1.0,0.5715707349868568,48,0.6842105263157895,0.8516386267652911
mp-11902,Ba2GeSe4,"Ba,Ge,Se",3,1.4121,0.0,-1.62330692705357,4.947741946035637,14,1.0,0.0,c,6,16,0,82,,True,0.0,1.0,c,0.9893262481124748,1.0,0.9857357444765119,1.0,0.40684772482295783,44,0.736842105263158,0.8514876916100353
mp-1193579,Ba(TmS2)2,"Ba,S,Tm",3,1.7438999999999991,0.0,-2.421872578928573,5.716074406100827,28,1.0,0.0,b,112,0,0,160,,True,0.0,1.0,b,0.9206999113258566,1.0,0.8940243305660024,1.0,0.6131172028791119,58,0.5526315789473684,0.8513926811120598
mp-1186991,ScI3,"I,Sc",2,1.6942,0.0,-1.473445848749999,3.661873491465322,8,1.0,0.0,a,0,0,24,24,,True,0.0,1.0,a,0.9489681376858988,1.0,0.9318016494440711,1.0,0.3681386138938434,28,0.9473684210526316,0.8513149772450497
mp-1079673,ThSe3,"Se,Th",2,1.2728,0.0,-1.585264253046872,6.455077314213163,8,1.0,0.0,c,24,12,0,36,,True,0.0,1.0,c,0.9308154749874571,1.0,0.9075426485958822,1.0,0.39702130354776577,28,0.9473684210526316,0.851026764963787
mp-561096,Yb2PrDyS6,"Dy,Pr,S,Yb",4,1.271199999999999,0.0,-2.405467888854167,6.046102455909144,20,1.0,0.0,b,72,0,0,108,,True,0.0,1.0,b,0.9298727263794353,1.0,0.9062827706561245,1.0,0.6088798720455407,60,0.5263157894736843,0.8509782460205078
mp-1217684,Tb2TeS2,"S,Tb,Te",3,1.8187,0.0,-2.164107915125001,5.5411108446318025,5,1.0,0.0,b,8,0,24,24,,True,0.0,1.0,b,0.8684293759410328,1.0,0.8241706136044367,1.0,0.5465365998451046,35,0.8552631578947368,0.8508762891596038
mp-984052,Ba(LuS2)2,"Ba,Lu,S",3,1.7477,0.0,-2.415832439761902,5.940859147785773,28,1.0,0.0,b,112,0,0,160,,True,0.0,1.0,b,0.9183142005238613,1.0,0.8908360952458967,1.0,0.6115570351579351,58,0.5526315789473684,0.8502835887377981
mp-1209449,Rb3LuCl6,"Cl,Lu,Rb",3,1.3029,0.0,-2.505183397916666,3.38820470664767,40,1.0,0.0,c,8,8,0,232,,True,0.0,1.0,c,0.9474736759973952,1.0,0.9298044687565177,1.0,0.6346363843124181,70,0.39473684210526316,0.8488520782621394
mp-17597,Ca(ScS2)2,"Ca,S,Sc",3,1.286299999999998,0.0,-2.252192421964285,2.93863183336667,28,1.0,0.0,b,112,0,0,160,,True,0.0,1.0,b,0.9385423045291957,1.0,0.9178686909798979,1.0,0.5692888246720956,58,0.5526315789473684,0.8485880955741304
mp-29036,Ba(YS2)2,"Ba,S,Y",3,1.7564000000000002,0.0,-2.4151363792857152,4.056958167744675,28,1.0,0.0,b,112,0,0,160,,True,0.0,1.0,b,0.9127375588983988,1.0,0.8833835382205434,1.0,0.6113772427629312,58,0.5526315789473684,0.8483844910024588
mp-1194376,Ba(SmS2)2,"Ba,S,Sm",3,1.759,0.0,-2.397762902500001,4.959232574236378,28,1.0,0.0,b,112,0,0,160,,True,0.0,1.0,b,0.9110403820327775,1.0,0.8811154514000811,1.0,0.6068896743580094,58,0.5526315789473684,0.8469199556163589
mp-10533,YCuS2,"Cu,S,Y",3,1.5946999999999991,0.0,-1.591449781406249,4.346175291765535,16,1.0,0.0,b,48,0,0,80,,True,0.0,1.0,b,0.9876215703632661,1.0,0.9834576335651307,1.0,0.39861902529198867,46,0.7105263157894737,0.8466408450286278
mp-1105549,BaHfS3,"Ba,Hf,S",3,1.252399999999999,0.0,-2.139777798999998,5.547751676715811,20,1.0,0.0,c,8,8,0,112,,True,0.0,1.0,c,0.9183773750611544,1.0,0.8909205209403104,1.0,0.5402521317586466,50,0.6578947368421053,0.8465700302710174
mp-1225289,Dy2TeS2,"Dy,S,Te",3,1.835799999999999,0.0,-2.158092713125,5.704344939545537,5,1.0,0.0,b,8,0,24,24,,True,0.0,1.0,b,0.8550345607872868,1.0,0.8062699431863196,1.0,0.5449828733931474,35,0.8552631578947368,0.8460903762646832
mp-12453,HoCuS2,"Cu,Ho,S",3,1.607299999999999,0.0,-1.59167361328125,5.968514955272175,16,1.0,0.0,b,48,0,0,80,,True,0.0,1.0,b,0.9841364916179077,1.0,0.9788002161027928,1.0,0.39867684105694223,46,0.7105263157894737,0.8454880538160341
mp-504650,La3CuSiS7,"Cu,La,S,Si",4,1.5012999999999992,0.0,-1.940521206875,4.470127895084109,24,1.0,0.0,a,0,0,24,124,,True,0.0,1.0,a,0.9999976527805325,1.0,0.9999968817649824,1.0,0.4887841614541778,64,0.4736842105263158,0.8451244737847128
mp-16870,Ba2CdSe3,"Ba,Cd,Se",3,1.574799999999999,0.000599786666667,-1.801110132005208,5.382782440185242,24,1.0,0.0,b,96,0,0,144,,True,0.0,1.0,b,0.992259226410136,0.987852130097874,0.9896553415181507,1.0,0.45277428602174374,54,0.6052631578947368,0.8448506474027223
mp-555044,DyCuS2,"Cu,Dy,S",3,1.6186999999999991,0.0,-1.5935681832812492,5.853177103699919,16,1.0,0.0,b,48,0,0,80,,True,0.0,1.0,b,0.9806212163696355,1.0,0.9741024443959029,1.0,0.39916620841718764,46,0.7105263157894737,0.8444114843613606
mp-12454,ErCuS2,"Cu,Er,S",3,1.629299999999999,0.0,-1.588405923489585,6.090041066704614,16,1.0,0.0,b,48,0,0,80,,True,0.0,1.0,b,0.977047387543934,1.0,0.9693264223899734,1.0,0.3978327969057901,46,0.7105263157894737,0.8429507965575987
mp-1025201,Rb2PdCl4,"Cl,Pd,Rb",3,1.7485,0.0,-1.733442019285714,3.046260817114228,7,1.0,0.0,b,32,0,0,40,,True,0.0,1.0,b,0.9178080428382626,1.0,0.8901596721817855,1.0,0.4352956150334255,37,0.8289473684210527,0.8424937778942369
mp-980666,Sr(DyS2)2,"Dy,S,Sr",3,1.787999999999999,0.0,-2.439082478392856,5.235776570697244,28,1.0,0.0,b,112,0,0,160,,True,0.0,1.0,b,0.8911878885041852,1.0,0.8545848170050443,1.0,0.6175625192680168,58,0.5526315789473684,0.8424218659996012
mp-1226222,Cs3Y7Se12,"Cs,Se,Y",3,1.5161,0.0,-2.124948892443182,4.619867185806584,44,1.0,0.0,b,176,0,0,248,,True,0.0,1.0,b,0.999640050908335,1.0,0.9995189869092762,1.0,0.5364218257488198,74,0.3421052631578947,0.8413746381928726
mp-1193989,Sr(TbS2)2,"S,Sr,Tb",3,1.7925,0.0,-2.436977071964286,5.110170352219072,28,1.0,0.0,b,112,0,0,160,,True,0.0,1.0,b,0.8879604058418294,1.0,0.8502716478604249,1.0,0.6170186928661454,58,0.5526315789473684,0.8412348084330721
mp-1226868,Cs3Sm7Se12,"Cs,Se,Sm",3,1.4741,0.0,-2.107441694488634,5.349257159561097,44,1.0,0.0,b,176,0,0,248,,True,0.0,1.0,b,0.999068753324017,1.0,0.9987555116652985,1.0,0.5318997171709823,74,0.3421052631578947,0.8402793476663105
mp-574040,K2SnBr6,"Br,K,Sn",3,1.6124,0.0,-1.544271811611111,3.70306395236049,18,1.0,0.0,c,8,8,0,88,,True,0.0,1.0,c,0.9826061612737755,1.0,0.9767551009737874,1.0,0.38643295745580863,48,0.6842105263157895,0.8398964193661875
mp-1223847,K2PdBrCl3,"Br,Cl,K,Pd",4,1.4958,0.002190467142856,-1.6585691784999992,2.726319700259406,7,1.0,0.0,a,0,0,32,40,,True,0.0,1.0,a,0.9999755003001225,0.9556350426658119,0.9999672774556871,1.0,0.41595596305466953,47,0.6973684210526316,0.8396103668798625
mp-12181,BaSnS2,"Ba,S,Sn",3,1.638,0.0,-1.543447148749999,4.44535321366255,16,1.0,0.0,c,24,24,0,72,,True,0.0,1.0,c,0.9738967374550572,1.0,0.9651159313756184,1.0,0.3862199470695813,46,0.7105263157894737,0.8395756038367683
mp-12455,TmCuS2,"Cu,S,Tm",3,1.6576,0.0,-1.591410292656252,6.181075342612141,16,1.0,0.0,b,48,0,0,80,,True,0.0,1.0,b,0.9660913452993349,1.0,0.9546848988559445,1.0,0.39860882534933917,46,0.7105263157894737,0.8394456213628013
mp-554120,DyCuS2,"Cu,Dy,S",3,1.6324,0.000557499999988,-1.59301068328126,5.770823347578903,16,1.0,0.0,b,48,0,0,80,,True,0.0,1.0,b,0.9759471058251796,0.9887085894924544,0.9678560190892609,1.0,0.39902220618801076,46,0.7105263157894737,0.8394336544366011
mp-1193662,Sr(ErS2)2,"Er,S,Sr",3,1.8009,0.0,-2.437206626488093,5.438687668345808,28,1.0,0.0,b,112,0,0,160,,True,0.0,1.0,b,0.8818342859837421,1.0,0.8420847747111649,1.0,0.6170779867910718,58,0.5526315789473684,0.8391999489307425
mp-1194314,Sr(HoS2)2,"Ho,S,Sr",3,1.801899999999999,0.0,-2.439235399821427,5.328928131044178,28,1.0,0.0,b,112,0,0,160,,True,0.0,1.0,b,0.881096303693893,1.0,0.8410985440246366,1.0,0.6176020188673057,58,0.5526315789473684,0.8390581976743572
mp-7219,Na2ZrSe3,"Na,Se,Zr",3,1.3166,0.0,-1.555228321197918,4.3352198535060165,12,1.0,0.0,c,20,20,0,72,,True,0.0,1.0,c,0.9543583438714566,1.0,0.9390050563821938,1.0,0.3892630234729002,42,0.7631578947368421,0.8389196582638127
mp-17410,CsEr3Se5,"Cs,Er,Se",3,1.6727999999999992,0.0,-2.128006259201388,6.147031190644895,36,1.0,0.0,b,144,0,0,200,,True,0.0,1.0,b,0.9593761974989307,1.0,0.9457108558247973,1.0,0.5372115434682844,66,0.4473684210526315,0.8386068647551194
mp-21228,SrCuSeF,"Cu,F,Se,Sr",4,1.1989,0.000477161562498,-2.225306626953122,5.546135948056412,8,1.0,0.0,c,24,24,0,40,,True,0.0,1.0,c,0.8816868360236068,0.9903357361781117,0.8418877243518091,1.0,0.5623442248247867,48,0.6842105263157895,0.8384625495379221
mp-1227054,Cs3Ho7Se12,"Cs,Ho,Se",3,1.4958,0.0,-2.060495445095021,5.873114634710666,44,1.0,0.0,b,176,0,0,248,,True,0.0,1.0,b,0.9999755003001225,1.0,0.9999672774556871,1.0,0.5197735027058623,74,0.3421052631578947,0.8381570462208837
mp-1219880,Pr6Ge3S14,"Ge,Pr,S",3,1.3322,0.0,-1.771143136956523,4.673139776256231,23,1.0,0.0,a,0,0,24,124,,True,0.0,1.0,a,0.9616480744502617,1.0,0.9487469649513142,1.0,0.445033812319813,53,0.618421052631579,0.838035608964949
mp-1216058,Y2TeS2,"S,Te,Y",3,1.865199999999999,0.0,-2.132454324333332,4.057687616153514,5,1.0,0.0,b,8,0,24,24,,True,0.0,1.0,b,0.8309068738610997,1.0,0.7740259915781927,1.0,0.5383604785257484,35,0.8552631578947368,0.8367049093891715
mp-29035,Sr(YS2)2,"S,Sr,Y",3,1.8122,0.0,-2.439627174821428,3.794902866439433,28,1.0,0.0,b,112,0,0,160,,True,0.0,1.0,b,0.8733897367733987,1.0,0.8307995803647795,1.0,0.6177032143351748,58,0.5526315789473684,0.8365036958529667
mp-1194410,Ba(GdSe2)2,"Ba,Gd,Se",3,1.225499999999999,0.0,-2.254198865624996,6.092676037770971,28,1.0,0.0,b,112,0,0,160,,True,0.0,1.0,b,0.9006368768258435,1.0,0.8672123317403513,1.0,0.5698070889947249,58,0.5526315789473684,0.8360276586287696
mp-540877,La3InS6,"In,La,S",3,1.359499999999999,0.0,-2.081571309437498,4.946778302667944,40,1.0,0.0,b,144,0,0,224,,True,0.0,1.0,b,0.9729554209899953,1.0,0.9638579673345461,1.0,0.5252173976784269,70,0.39473684210526316,0.8354816555798482
mp-1211440,K2PbCl6,"Cl,K,Pb",3,1.6065,0.0,-1.445836170277776,3.089934362473732,18,1.0,0.0,c,8,24,0,88,,True,0.0,1.0,c,0.9843703064798264,1.0,0.9791126834817018,1.0,0.3610070349755766,48,0.6842105263157895,0.8354006304971198
mp-1194307,Sr(TmS2)2,"S,Sr,Tm",3,1.8199,0.0,-2.442503043035716,5.5235462765635415,28,1.0,0.0,b,112,0,0,160,,True,0.0,1.0,b,0.8675055693148735,1.0,0.8229360495021972,1.0,0.6184460509875235,58,0.5526315789473684,0.8346863804677908
mp-1215860,Yb(LuSe2)2,"Lu,Se,Yb",3,1.142,0.0,-2.097835319226188,7.94757443061203,7,1.0,0.0,b,24,0,0,36,,True,0.0,1.0,b,0.8369377738215532,1.0,0.7820856139975826,1.0,0.5294183907994514,37,0.8289473684210527,0.8342998185013912
mp-568082,La3CuSiSe7,"Cu,La,Se,Si",4,1.5373,0.0,-1.736871188450521,5.683428254895907,24,1.0,0.0,a,0,0,24,124,,True,0.0,1.0,a,0.9980695185586991,1.0,0.9974201463019865,1.0,0.4361813693006297,64,0.4736842105263158,0.8339597314882542
mp-1079264,Nb(SBr)2,"Br,Nb,S",3,1.4107,0.000833581,-1.262439993999998,4.090429157624129,10,1.0,0.0,c,8,8,0,36,,True,0.0,1.0,c,0.988985428976366,0.9831169412331966,0.9852802778681529,1.0,0.3136358094921232,40,0.7894736842105263,0.8329296821564746
mp-560611,HoCuS2,"Cu,Ho,S",3,1.6598000000000002,0.001111513749989,-1.59056209953126,5.875924288384839,16,1.0,0.0,b,48,0,0,80,,True,0.0,1.0,b,0.9651548519042779,0.9774877882759152,0.9534333803078164,1.0,0.39838973709683034,46,0.7105263157894737,0.8323352605580421
mp-556975,Nd3CuSiS7,"Cu,Nd,S,Si",4,1.6357,0.0,-1.842290476666665,4.7699146974497975,24,1.0,0.0,a,0,0,24,124,,True,0.0,1.0,a,0.9747486066581328,1.0,0.9662543591679074,1.0,0.46341116750988065,64,0.4736842105263158,0.8316142443465846
mp-30996,RbAuBr4,"Au,Br,Rb",3,1.4772,0.0,-1.119264391249999,4.807982744884848,12,1.0,0.0,b,16,0,0,56,,True,0.0,1.0,b,0.9992782605792835,1.0,0.9990354946500344,1.0,0.2766535566488214,42,0.7631578947368421,0.8314053744659571
mp-1211088,LiCaP,"Ca,Li,P",3,1.398699999999999,0.0,-1.190043544047618,2.260729897133163,12,1.0,0.0,b,48,0,0,72,,True,0.0,1.0,b,0.9858487366809982,1.0,0.9810884398817419,1.0,0.29493580917313467,42,0.7631578947368421,0.8305750612787466
mp-864638,Ba2InBiS5,"Ba,Bi,In,S",4,1.452899999999999,0.0,-1.520311703796295,4.952783993877049,18,1.0,0.0,c,56,56,0,104,,True,0.0,1.0,c,0.9969236167943621,1.0,0.9958887769191699,1.0,0.38024406250205367,58,0.5526315789473684,0.83028416462494
mp-28328,RbI3,"I,Rb",2,1.6271,0.0,-1.074112831874999,4.231923268152993,16,1.0,0.0,b,48,0,0,96,,True,0.0,1.0,b,0.9778131498185961,1.0,0.9703497779152284,1.0,0.2649909105484849,36,0.8421052631578947,0.8297961529042935
mp-30293,Sr2GeSe4,"Ge,Se,Sr",3,1.7283,0.0,-1.570705549196435,4.535657392688581,14,1.0,0.0,c,14,14,0,76,,True,0.0,1.0,c,0.930167943248515,1.0,0.906677294941425,1.0,0.393260790886906,44,0.736842105263158,0.8290056924390533
mp-18196,Ba(TmTe2)2,"Ba,Te,Tm",3,1.3203,0.0,-1.755499247738097,6.669472607727202,28,1.0,0.0,b,112,0,0,160,,True,0.0,1.0,b,0.9561407726932802,1.0,0.9413870728950752,1.0,0.44099299631892885,58,0.5526315789473684,0.8288085253822914
mp-1220256,Nd6Ge3S14,"Ge,Nd,S",3,1.277899999999999,0.0,-1.772408178043479,4.823544529958788,23,1.0,0.0,a,0,0,24,124,,True,0.0,1.0,a,0.933782552940835,1.0,0.9115078160086946,1.0,0.44536057238532967,53,0.618421052631579,0.8287911737423975
mp-1095291,Li2SnSe3,"Li,Se,Sn",3,1.479699999999999,0.0,-1.06635561561632,3.980317975904259,12,1.0,0.0,c,2,8,0,48,,True,0.0,1.0,c,0.9994278165372052,1.0,0.9992353594395886,1.0,0.2629872218785685,42,0.7631578947368421,0.8287220737092951
mp-1192751,Sr(LuS2)2,"Lu,S,Sr",3,1.8411,0.0,-2.434813495297616,5.74670807701452,28,1.0,0.0,b,112,0,0,160,,True,0.0,1.0,b,0.8507847458509203,1.0,0.8005905414446229,1.0,0.6164598410939452,58,0.5526315789473684,0.8287027614746816
mp-554097,Sm3CuSiS7,"Cu,S,Si,Sm",4,1.655699999999999,0.0,-1.836235165624999,5.015371645015898,24,1.0,0.0,a,0,0,24,124,,True,0.0,1.0,a,0.9668904050083375,1.0,0.9557527526733414,1.0,0.46184708089395954,64,0.4736842105263158,0.8286760253997588
mp-569309,RbMnCl3,"Cl,Mn,Rb",3,1.3133,0.0,-1.823708969086208,3.114640125663711,30,1.0,0.0,c,32,32,0,168,,True,0.0,1.0,c,0.95274084602764,1.0,0.9368434516514201,1.0,0.4586115647957919,60,0.5263157894736843,0.8285647548193819
mp-17928,Ba(ErTe2)2,"Ba,Er,Te",3,1.310799999999999,0.0,-1.767831322023807,6.592348643286566,28,1.0,0.0,b,112,0,0,160,,True,0.0,1.0,b,0.9514981319127274,1.0,0.9351827034037092,1.0,0.4441783706463752,58,0.5526315789473684,0.8278945078749391
mp-510460,CsLaZnTe3,"Cs,La,Te,Zn",4,1.587399999999999,0.0,-1.366428569109195,4.941940810639995,12,1.0,0.0,c,8,8,0,72,,True,0.0,1.0,c,0.9894466921735875,1.0,0.9858967044761126,1.0,0.3404960545592812,52,0.631578947368421,0.8277312817677265
mp-567555,Pr5C2Cl9,"C,Cl,Pr",3,1.667699999999999,0.003162459151784,-2.171418919583332,4.47494169843332,32,1.0,0.0,c,4,8,0,170,,True,0.0,1.0,c,0.9616928856233168,0.935948655610931,0.9488068500658678,1.0,0.5484250320236553,62,0.5,0.8276713156044774
mp-568779,Tb3CuSiSe7,"Cu,Se,Si,Tb",4,1.4882,0.0,-1.593316914283856,6.701095725932187,24,1.0,0.0,a,0,0,24,130,,True,0.0,1.0,a,0.9998066298095369,1.0,0.9997416009561894,1.0,0.3991013056445448,64,0.4736842105263158,0.8271240824205879
mp-2760596,Tb3InS6,"In,S,Tb",3,1.3344,0.0,-1.981796282687497,6.057078017944464,40,1.0,0.0,b,160,0,0,232,,True,0.0,1.0,b,0.9626282258799163,1.0,0.950056827573583,1.0,0.4994455119950907,70,0.39473684210526316,0.8268769935029403
mp-17389,Pr3SiAgSe7,"Ag,Pr,Se,Si",4,1.4423,0.0,-1.615457535256076,5.9575521110260174,24,1.0,0.0,a,0,0,24,124,,True,0.0,1.0,a,0.9953866604043022,1.0,0.9938348068218081,1.0,0.4048202272148077,64,0.4736842105263158,0.8267911682010453
mp-17827,Nd3SiAgSe7,"Ag,Nd,Se,Si",4,1.4465,0.0,-1.6107653583810762,6.106341964553033,24,1.0,0.0,a,0,0,24,124,,True,0.0,1.0,a,0.9960325440102867,1.0,0.9946979579311358,1.0,0.40360823810322877,64,0.4736842105263158,0.8267645581560613
mp-21097,KLaGeSe4,"Ge,K,La,Se",4,1.621999999999999,0.0,-1.461787650946428,4.301496982686799,14,1.0,0.0,b,10,0,0,74,,True,0.0,1.0,b,0.9795399833941687,1.0,0.9726574976073973,1.0,0.36512730183656694,54,0.6052631578947368,0.8267161505586363
mp-570045,Sm3CuSiSe7,"Cu,Se,Si,Sm",4,1.437399999999999,0.0,-1.61913023595052,6.256051763608736,24,1.0,0.0,a,0,0,24,124,,True,0.0,1.0,a,0.9945720625550649,1.0,0.9927461880200453,1.0,0.4057688856670222,64,0.4736842105263158,0.8267087451910474
mp-36330,Li2VCl4,"Cl,Li,V",3,1.228499999999999,0.001254277380949,-1.8482001111904751,2.472475739965331,14,1.0,0.0,a,0,4,16,64,,True,0.0,1.0,a,0.9026881581684277,0.9745963034996789,0.8699536395394489,1.0,0.4649376258866801,44,0.736842105263158,0.8265390366384177
mp-569557,Dy3CuSiSe7,"Cu,Dy,Se,Si",4,1.5196,0.0,-1.579378002200519,6.743503839362457,24,1.0,0.0,a,0,0,24,130,,True,0.0,1.0,a,0.9994665867598976,1.0,0.9992871715004861,1.0,0.3955008851739802,64,0.4736842105263158,0.8262903909625491
mp-568638,Y3CuSiSe7,"Cu,Se,Si,Y",4,1.5105,0.0,-1.576679984283854,5.390983811800236,24,1.0,0.0,a,0,0,24,130,,True,0.0,1.0,a,0.9998468867230345,1.0,0.9997953998128589,1.0,0.3948039872468656,64,0.4736842105263158,0.8262780684552194
mp-17872,Ba(YTe2)2,"Ba,Te,Y",3,1.293499999999999,0.0,-1.787762902023809,5.427248325634622,28,1.0,0.0,b,112,0,0,160,,True,0.0,1.0,b,0.9424943567394726,1.0,0.9231501661835009,1.0,0.4493266970160128,58,0.5526315789473684,0.8259160388438146
mp-1181462,DyAgSe2,"Ag,Dy,Se",3,1.306,0.0,-1.436800769505207,7.182270842213075,16,1.0,0.0,a,0,0,32,80,,True,0.0,1.0,a,0.9490704736009249,1.0,0.93193840993429,1.0,0.3586731912934573,46,0.7105263157894737,0.8257718723212113
mp-17927,Ba(DyTe2)2,"Ba,Dy,Te",3,1.2938,0.0,-1.778846113928569,6.421693048545647,28,1.0,0.0,b,112,0,0,160,,True,0.0,1.0,b,0.9426564404336557,1.0,0.9233667728896346,1.0,0.44702349098401784,58,0.5526315789473684,0.8255095493139492
mp-22876,CsI3,"Cs,I",2,1.6766,0.0,-1.113519470538793,4.235257200307448,16,1.0,0.0,b,48,0,0,96,,True,0.0,1.0,b,0.9576086846888481,1.0,0.9433487728912198,1.0,0.27516964384366616,36,0.8421052631578947,0.8250816483073278
mp-17153,Ba(TbTe2)2,"Ba,Tb,Te",3,1.2848,0.0,-1.786948157142854,6.315744283024655,28,1.0,0.0,b,112,0,0,160,,True,0.0,1.0,b,0.9377040524365295,1.0,0.916748460930742,1.0,0.44911624844368947,58,0.5526315789473684,0.8242735228161602
mp-27181,KAuCl4,"Au,Cl,K",3,1.4257,0.0,-1.318467975374999,3.368241353990244,24,1.0,0.0,b,16,0,0,100,,True,0.0,1.0,b,0.9923619719033318,1.0,0.9897926493637265,1.0,0.3281078349888702,54,0.6052631578947368,0.8235960451281793
mp-556962,Pr3CuGeS7,"Cu,Ge,Pr,S",4,1.660299999999999,0.0,-1.750185992291665,4.83538426922588,24,1.0,0.0,a,0,0,24,124,,True,0.0,1.0,a,0.964940329867771,1.0,0.9531466956295395,1.0,0.4396205826355437,64,0.4736842105263158,0.8235792114871252
mp-17344,RbEr2Cu3S5,"Cu,Er,Rb,S",4,1.491,0.0,-1.469203079999999,5.694183065201538,22,1.0,0.0,c,24,24,0,128,,True,0.0,1.0,c,0.9998875063278877,1.0,0.9998496833659088,1.0,0.3670427068841684,62,0.5,0.823370962218311
mp-12457,LuCuS2,"Cu,Lu,S",3,1.693699999999999,0.001643513749968,-1.581217371822916,6.4260803830032,16,1.0,0.0,b,48,0,0,80,,True,0.0,1.0,b,0.9492238004110157,0.9667128458724956,0.9321433140454848,1.0,0.3959759942787524,46,0.7105263157894737,0.8232975127078178
mp-553874,Ba2LaAg5S6,"Ag,Ba,La,S",4,1.4647,0.0,-1.270610511309522,5.546750588830426,14,1.0,0.0,c,16,16,0,76,,True,0.0,1.0,c,0.9982708162084392,1.0,0.997689158068299,1.0,0.315746253808038,54,0.6052631578947368,0.823097856068156
mp-6485,La3SiAgSe7,"Ag,La,Se,Si",4,1.6531,0.0,-1.719268846506076,5.807152774765752,24,1.0,0.0,a,0,0,24,124,,True,0.0,1.0,a,0.9679691966166557,1.0,0.9571944368480523,1.0,0.431634685033755,64,0.4736842105263158,0.8229939672713957
mp-17929,RbHo2Cu3S5,"Cu,Ho,Rb,S",4,1.4733,0.0,-1.464414154090907,5.618353950462326,22,1.0,0.0,c,24,24,0,128,,True,0.0,1.0,c,0.9990103650120201,1.0,0.9986774822250016,1.0,0.3658057275006966,62,0.5,0.8228305160563898
mp-568986,KAuCl4,"Au,Cl,K",3,1.4211,0.000193206666665,-1.318274768708334,3.670605181305291,24,1.0,0.0,b,16,0,0,104,,True,0.0,1.0,b,0.9913911452470044,0.9960868595764019,0.9884952482567632,1.0,0.3280579297140861,54,0.6052631578947368,0.8220877716694023
mp-1227892,BaNaVS4,"Ba,Na,S,V",4,1.5001,0.0,-1.5875672548399,3.098167206492576,28,1.0,0.0,a,0,48,0,152,,True,0.0,1.0,a,0.9999999861111112,1.0,1.0,1.0,0.39761616882489736,68,0.42105263157894735,0.8216284969228743
mp-555893,Pr3CuSiS7,"Cu,Pr,S,Si",4,1.2982,0.0,-1.840018362708332,4.622025079889357,24,1.0,0.0,a,0,0,24,124,,True,0.0,1.0,a,0.9450097297066208,1.0,0.9265116804669564,1.0,0.4628242805592975,64,0.4736842105263158,0.8215611972812302
mp-1223861,K2PdBr3Cl,"Br,Cl,K,Pd",4,1.3535,0.002553047142857,-1.539957979928571,3.140649133258201,7,1.0,0.0,a,0,0,32,40,,True,0.0,1.0,a,0.9706312164106549,0.9482914738372464,0.9607519281931687,1.0,0.3853186948933126,47,0.6973684210526316,0.8214760052833919
mp-554150,Nd3CuGeS7,"Cu,Ge,Nd,S",4,1.675799999999999,0.0,-1.752089916666665,4.979338370693317,24,1.0,0.0,a,0,0,24,124,,True,0.0,1.0,a,0.957983715107217,1.0,0.9438499590471268,1.0,0.44011236623050254,64,0.4736842105263158,0.8213533840605137
mp-4044,ErAgSe2,"Ag,Er,Se",3,1.2801,0.0,-1.432454579713541,7.379786196461983,16,1.0,0.0,b,32,0,0,80,,True,0.0,1.0,b,0.9350445301487347,1.0,0.9131943072229813,1.0,0.35755057063258244,46,0.7105263157894737,0.8208613225112092
mp-568801,Pr3CuSiSe7,"Cu,Pr,Se,Si",4,1.363299999999999,0.0,-1.635427651367187,5.834435608837418,24,1.0,0.0,a,0,0,24,124,,True,0.0,1.0,a,0.9743798965206791,1.0,0.9657616193596592,1.0,0.40997850746050546,64,0.4736842105263158,0.8208045273846476
mp-510462,CsDyZnTe3,"Cs,Dy,Te,Zn",4,1.3714,0.0,-1.304693866053643,5.586292108158935,12,1.0,0.0,c,8,8,0,72,,True,0.0,1.0,c,0.9772923993216243,1.0,0.9696538531929108,1.0,0.3245499830655706,52,0.631578947368421,0.820481354648184
mp-1215857,Yb(YSe2)2,"Se,Y,Yb",3,1.085899999999999,0.0,-2.145861784464285,6.018440788408465,7,1.0,0.0,b,24,0,0,36,,True,0.0,1.0,b,0.7880726374331047,1.0,0.7167828314368738,1.0,0.5418236249768599,37,0.8289473684210527,0.8204551696966956
mp-1188559,YAgSe2,"Ag,Se,Y",3,1.279799999999999,0.0,-1.42491480703125,5.910619697520829,16,1.0,0.0,b,32,0,0,80,,True,0.0,1.0,b,0.9348730820781435,1.0,0.9129651860764594,1.0,0.35560304763032624,46,0.7105263157894737,0.8204145376241274
mp-1219159,Sm6Ge3S14,"Ge,S,Sm",3,1.238999999999999,0.0,-1.765488114782608,5.08660252979526,23,1.0,0.0,a,0,0,24,124,,True,0.0,1.0,a,0.9097253847631716,1.0,0.8793581048108409,1.0,0.4435731203034826,53,0.618421052631579,0.8203962555265647
mp-1215629,Zn3PBr3,"Br,P,Zn",3,1.6198,0.0,-0.8972724199489801,4.23093681479441,7,1.0,0.0,b,12,0,0,24,,True,0.0,1.0,b,0.9802639676041326,1.0,0.9736250214277511,1.0,0.21931303875225994,37,0.8289473684210527,0.8201635999494951
mp-1216184,Y(CuS)3,"Cu,S,Y",3,1.4195,0.0,-1.0048013190625,5.112974865237336,14,1.0,0.0,c,8,20,0,72,,True,0.0,1.0,c,0.9910400346617008,1.0,0.9880260282790558,1.0,0.24708774937751776,44,0.736842105263158,0.8201082674715833
mp-7475,La2S3,"La,S",2,1.0358,0.0,-2.508305558187499,4.927142517339004,20,1.0,0.0,b,80,0,0,120,,True,0.0,1.0,b,0.7413517606805745,1.0,0.6543456117520148,1.0,0.6354428381937742,40,0.7894736842105263,0.8196223389978112
mp-1218227,SrLaCuSe3,"Cu,La,Se,Sr",4,1.407599999999999,0.002503860833332,-1.81310261078125,5.725503229849695,24,1.0,0.0,b,96,0,0,144,,True,0.0,1.0,b,0.9882120290073673,0.9492876761909862,0.9842467154197336,1.0,0.4558719428417254,64,0.4736842105263158,0.819390791333206
mp-12955,HoAgSe2,"Ag,Ho,Se",3,1.271199999999999,0.0,-1.43280780408854,7.279367599243141,16,1.0,0.0,b,32,0,0,80,,True,0.0,1.0,b,0.9298727263794353,1.0,0.9062827706561245,1.0,0.3576418084754531,46,0.7105263157894737,0.8191516859380691
mp-27138,K2PdBr4,"Br,K,Pd",3,1.204899999999999,0.0,-1.483386717785713,3.498862059881381,7,1.0,0.0,b,32,0,0,40,,True,0.0,1.0,b,0.886078250091773,1.0,0.847756357476003,1.0,0.3707063399945175,37,0.8289473684210527,0.8189750942100096
mp-1213115,CsYbMnSe3,"Cs,Mn,Se,Yb",4,1.2409,0.0,-1.693548189445043,5.42262004178134,12,1.0,0.0,c,8,8,0,72,,True,0.0,1.0,c,0.9109748274439147,1.0,0.8810278450332772,1.0,0.42499104027545154,52,0.631578947368421,0.8184130640502517
mp-21604,Sm3InS6,"In,S,Sm",3,1.2815,0.0,-1.9907383449166631,5.627027928775821,40,1.0,0.0,b,160,0,0,232,,True,0.0,1.0,b,0.9358419434907674,1.0,0.9142599608552934,1.0,0.5017552463349348,70,0.39473684210526316,0.8183897236913367
mp-567515,Rb2Hg2PdBr8,"Br,Hg,Pd,Rb",4,1.5753,0.0,-1.190028612307692,4.713452757898962,13,1.0,0.0,c,12,12,0,52,,True,0.0,1.0,c,0.9921558025575045,1.0,0.9895171271211562,1.0,0.29493195230526936,53,0.618421052631579,0.8182077775045009
mp-1146,ThS2,"S,Th",2,1.033599999999999,0.0,-2.284807075208329,7.252511887947037,12,1.0,0.0,b,48,0,0,72,,True,0.0,1.0,b,0.739246721207306,1.0,0.6515324622314281,1.0,0.5777131883870085,32,0.8947368421052632,0.8178994374457851
mp-1211293,La(YS2)3,"La,S,Y",3,1.0838,0.0,-2.439135338687501,4.119286934675758,20,1.0,0.0,b,72,0,0,108,,True,0.0,1.0,b,0.7861664643889247,1.0,0.7142354446284621,1.0,0.6175761730801494,50,0.6578947368421053,0.8178635694573559
mp-641534,Nd3CuSiSe7,"Cu,Nd,Se,Si",4,1.341099999999999,0.0,-1.632453711158853,6.022216359021831,24,1.0,0.0,a,0,0,24,124,,True,0.0,1.0,a,0.9655394220648877,1.0,0.9539473152609089,1.0,0.4092103388157574,64,0.4736842105263158,0.8176973176310104
mp-19795,InS,"In,S",2,1.3508,0.0,-0.683356846406249,4.920436511985393,8,1.0,0.0,b,16,0,0,24,,True,0.0,1.0,b,0.9695555042459458,1.0,0.9593143593499859,1.0,0.16405865409504372,28,0.9473684210526316,0.8173771627617685
mp-1223488,KIn5S8,"In,K,S",3,1.5349,0.000260910803569,-0.931459195755953,4.290012604864635,14,1.0,0.0,c,40,40,0,64,,True,0.0,1.0,c,0.9983097495294662,0.9947156036071487,0.9977411880918556,1.0,0.2281434816664648,44,0.736842105263158,0.8171628849647172
mp-1173753,Na2Ga2Se3,"Ga,Na,Se",3,1.362699999999999,0.0,-1.053090094255693,4.158191571357681,14,1.0,0.0,c,16,16,0,76,,True,0.0,1.0,c,0.9741574385092296,1.0,0.9654643291395913,1.0,0.25956073820653136,44,0.736842105263158,0.8169624404525199
mp-573763,Cs2Te,"Cs,Te",2,1.774,0.0,-1.220100983333334,4.077192021558062,12,1.0,0.0,c,48,8,0,72,,True,0.0,1.0,c,0.9009799972576106,1.0,0.8676708737726442,1.0,0.30269964461811283,32,0.8947368421052632,0.8169313315773099
mp-1215853,Yb(TmSe2)2,"Se,Tm,Yb",3,1.1118,0.001658422857129,-2.121624781607145,7.721091041005989,7,1.0,0.0,b,24,0,0,36,,True,0.0,1.0,b,0.8111482034067247,0.9664108820173217,0.7476207412149547,1.0,0.5355632080440135,37,0.8289473684210527,0.8168358283598431
mp-1190528,Ba2ZnSe3,"Ba,Se,Zn",3,1.6214,0.004843865,-1.834850999505208,5.247394475317219,24,1.0,0.0,b,96,0,0,144,,True,0.0,1.0,b,0.9797386869053,0.9018940481447367,0.9729230425979669,1.0,0.46148955083691034,54,0.6052631578947368,0.8166232010497685
mp-1103275,BaYCuS3,"Ba,Cu,S,Y",4,1.1779,0.0,-1.950495586249999,4.533441030872233,12,1.0,0.0,c,8,8,0,72,,True,0.0,1.0,c,0.8658054806052579,1.0,0.8206640713283229,1.0,0.49136054327423784,52,0.631578947368421,0.8165960212237704
mp-558946,BaSbSe2F,"Ba,F,Sb,Se",4,1.334299999999999,0.003935190999998,-1.990805762437499,5.008399556805891,20,1.0,0.0,c,16,12,0,74,,True,0.0,1.0,c,0.962583932630749,0.9202980143362647,0.9499976346063049,1.0,0.501772660278049,60,0.5263157894736843,0.816574923955434
mp-13283,Sm(ErS2)3,"Er,S,Sm",3,1.0887,0.0,-2.380271892999999,6.124099115569162,20,1.0,0.0,b,72,0,0,108,,True,0.0,1.0,b,0.7906063272916367,1.0,0.720168824194424,1.0,0.6023717472573764,50,0.6578947368421053,0.8163060291842917
mp-27243,K2PtBr4,"Br,K,Pt",3,1.476999999999999,0.006333842142856,-1.435937949214286,4.112557663438326,7,1.0,0.0,b,32,0,0,40,,True,0.0,1.0,b,0.9992655476200593,0.8717165708941376,0.9990185052037076,1.0,0.3584503248445352,37,0.8289473684210527,0.8158543993801805
mp-1189259,RbSbSe2,"Rb,Sb,Se",3,1.5375,0.0,-0.9248630299218732,4.470102607251972,16,1.0,0.0,c,20,24,0,88,,True,0.0,1.0,c,0.9980487811074754,1.0,0.997392433020735,1.0,0.22643969227786176,46,0.7105263157894737,0.8156886782897035
mp-558042,Sm3CuSnS7,"Cu,S,Sm,Sn",4,1.703599999999999,0.0,-1.725180789375,5.32149867355717,24,1.0,0.0,a,0,0,18,124,,True,0.0,1.0,a,0.9440524475302485,1.0,0.9252323800406577,1.0,0.43316173965601124,64,0.4736842105263158,0.8153088639939983
mp-1541909,CsTeAu,"Au,Cs,Te",3,1.416,0.0,-0.710220707107279,5.555715307690348,6,1.0,0.0,b,24,0,8,32,,True,0.0,1.0,b,0.9902478635182347,1.0,0.9869673802580742,1.0,0.17099758831086453,36,0.8421052631578947,0.8151518890424809
mp-8965,K2Sn2S5,"K,S,Sn",3,1.406299999999999,0.0,-1.028475990222223,3.269186103197366,18,1.0,0.0,c,28,28,0,104,,True,0.0,1.0,c,0.9878800318214102,1.0,0.9838030383598156,1.0,0.253202916053922,48,0.6842105263157895,0.8150123954323172
mp-558121,K4Ba(VS4)2,"Ba,K,S,V",4,1.5514,0.0,-1.531453596933332,2.545394677335719,30,1.0,0.0,a,0,0,20,132,,True,0.0,1.0,a,0.996337335091706,1.0,0.9951052770790481,1.0,0.3831220130832462,70,0.39473684210526316,0.8148744060969376
mp-560501,Tb3CuSiS7,"Cu,S,Si,Tb",4,1.733,0.0,-1.821600580624999,5.388242137667949,24,1.0,0.0,a,0,0,24,124,,True,0.0,1.0,a,0.9273711751271899,1.0,0.9029397275467951,1.0,0.45806696813500125,64,0.4736842105263158,0.8147167465663306
mp-1188862,La(HoS2)3,"Ho,La,S",3,1.0735,0.0,-2.436500602187496,5.789071453579397,20,1.0,0.0,b,72,0,0,108,,True,0.0,1.0,b,0.7767458963008462,1.0,0.7016459103526594,1.0,0.6168956207405948,50,0.6578947368421053,0.8145800754204943
mp-18612,Rb2MoS4,"Mo,Rb,S",3,1.5750000000000002,0.0,-1.241346462142855,3.037417623517359,28,1.0,0.0,b,32,0,0,168,,True,0.0,1.0,b,0.9922179382602435,1.0,0.9896001645295238,1.0,0.3081873510011802,58,0.5526315789473684,0.8143006692273538
mp-22934,K2PtCl4,"Cl,K,Pt",3,1.819599999999999,0.0,-1.507347296785714,3.378281991785835,7,1.0,0.0,b,32,0,0,40,,True,0.0,1.0,b,0.8677367542022334,1.0,0.8232450022146293,1.0,0.3768953566553882,37,0.8289473684210527,0.8140850587268402
mp-1104423,Ba2YAg5S6,"Ag,Ba,S,Y",4,1.365799999999999,0.0,-1.240946243095236,5.4409295425923965,14,1.0,0.0,b,16,0,0,76,,True,0.0,1.0,b,0.9752968537997058,1.0,0.9669870300764886,1.0,0.3080839744361269,54,0.6052631578947368,0.8138898681958212
mp-9843,Sr3(AlP2)2,"Al,P,Sr",3,1.3365,0.0,-1.163182541878307,3.259068581765055,18,1.0,0.0,b,16,0,0,104,,True,0.0,1.0,b,0.9635526722537353,1.0,0.9512922466269268,1.0,0.2879976133159502,48,0.6842105263157895,0.8138436369515006
mp-1192137,Er2TlCu3S5,"Cu,Er,S,Tl",4,1.428799999999999,0.0,-1.323273260530303,6.708263223152692,22,1.0,0.0,c,24,24,0,104,,True,0.0,1.0,c,0.992983840097232,1.0,0.9906237065641986,1.0,0.3293490399650275,62,0.5,0.8135257346340552
mp-17155,La3AgSnSe7,"Ag,La,Se,Sn",4,1.300499999999999,0.0,-1.6749259302560762,6.071675524819941,24,1.0,0.0,a,0,0,24,130,,True,0.0,1.0,a,0.9462219433752921,1.0,0.9281316682838955,1.0,0.42018091142240654,64,0.4736842105263158,0.8134375204080868
mp-1106294,La(TmS2)3,"La,S,Tm",3,1.0688,0.0,-2.433248469187498,6.002388772336429,20,1.0,0.0,b,72,0,0,108,,True,0.0,1.0,b,0.7724091449139733,1.0,0.6958503277805466,1.0,0.6160555949081492,50,0.6578947368421053,0.812963174610977
mp-561173,Y3CuSiS7,"Cu,S,Si,Y",4,1.7371999999999992,0.0,-1.801121410208332,3.974591429618406,24,1.0,0.0,a,0,0,24,124,,True,0.0,1.0,a,0.9248310357376576,1.0,0.8995451157133216,1.0,0.4527771991811894,64,0.4736842105263158,0.8128101398172
mp-1103889,Eu(AlS2)2,"Al,Eu,S",3,1.1797,0.0,-1.6562228723214272,3.433449314104583,14,1.0,0.0,c,16,16,0,64,,True,0.0,1.0,c,0.8671970813634132,1.0,0.8225237899014735,1.0,0.4153499122563694,44,0.736842105263158,0.8123851404529581
mp-1078085,Cs2PdCl4,"Cl,Cs,Pd",3,1.839,0.0,-1.572084017142858,3.239031241324765,7,1.0,0.0,a,0,0,32,40,,True,0.0,1.0,a,0.8524740586700582,1.0,0.8028481188476252,1.0,0.39361684910598693,37,0.8289473684210527,0.812330136375209
mp-28070,Rb2TeI6,"I,Rb,Te",3,1.6225,0.0,-1.029657680185183,4.362730964213464,18,1.0,0.0,c,16,16,0,88,,True,0.0,1.0,c,0.9793736797867041,1.0,0.972435251459735,1.0,0.2535081465272234,48,0.6842105263157895,0.8122314948019573
mp-1209072,SbSeBr,"Br,Sb,Se",3,1.437799999999999,0.0,-0.7763281916145841,5.070301437854808,12,1.0,0.0,b,32,0,0,40,,True,0.0,1.0,b,0.9946410219419666,1.0,0.9928383445181376,1.0,0.1880731490902574,42,0.7631578947368421,0.8121400054212702
mp-12843,YCuS2,"Cu,S,Y",3,1.7908,0.000274926874988,-1.591174854531262,4.298637615886635,16,1.0,0.0,b,48,0,0,80,,True,0.0,1.0,b,0.889184179497191,0.9944317269863444,0.8519070843050163,1.0,0.39854801169044707,46,0.7105263157894737,0.8120685230891942
mp-14969,BaErCuS3,"Ba,Cu,Er,S",4,1.157499999999999,0.0,-1.958185137916666,5.612282881480234,12,1.0,0.0,c,8,8,0,72,,True,0.0,1.0,c,0.8496546151242408,1.0,0.7990802482874964,1.0,0.4933467541825646,52,0.631578947368421,0.8115973076452291
mp-9921,ZrS3,"S,Zr",2,1.113299999999999,0.0,-1.574733515624998,3.608861478892194,8,1.0,0.0,c,24,8,0,36,,True,0.0,1.0,c,0.8124587583665489,1.0,0.7493721511546493,1.0,0.3943012144649757,28,0.9473684210526316,0.8109401227869206
mp-10488,Cs2Ti(AgS2)2,"Ag,Cs,S,Ti",4,1.6053000000000002,0.0,-1.22367205344189,4.178013146940504,18,1.0,0.0,c,32,32,0,112,,True,0.0,1.0,c,0.9847178505359307,1.0,0.9795771371925365,1.0,0.30362205189378777,58,0.5526315789473684,0.8108818525716285
mp-1209316,Rb2Ti(AgS2)2,"Ag,Rb,S,Ti",4,1.5994000000000002,0.0,-1.207925935740739,3.79319057484976,18,1.0,0.0,c,32,32,0,112,,True,0.0,1.0,c,0.9863710051091631,1.0,0.9817863931491115,1.0,0.2995548302796337,58,0.5526315789473684,0.8106207222379413
mp-541378,CsBiS2,"Bi,Cs,S",3,1.5773,0.0,-0.8667762614062541,4.858672445781889,16,1.0,0.0,c,8,8,0,88,,True,0.0,1.0,c,0.9917353278603258,1.0,0.9889552097757535,1.0,0.21143588213958053,46,0.7105263157894737,0.8105786104508018
mp-541014,Cs3Sb2I9,"Cs,I,Sb",3,1.540599999999999,0.003166553571425,-1.14621586599754,4.478893703089317,14,1.0,0.0,c,24,24,0,96,,True,0.0,1.0,c,0.9977132297631014,0.9358657286639217,0.9969440062261096,1.0,0.283615121569584,44,0.736842105263158,0.8104029549959365
mp-1106254,La(LuS2)3,"La,Lu,S",3,1.0627,0.0,-2.418229514687496,6.247750420700158,20,1.0,0.0,b,72,0,0,108,,True,0.0,1.0,b,0.7667465205722164,1.0,0.688282864483746,1.0,0.6121761995216951,50,0.6578947368421053,0.810295429709486
